-- phpMyAdmin SQL Dump
-- version 5.1.1
-- https://www.phpmyadmin.net/
--
-- Host: 127.0.0.1
-- Waktu pembuatan: 21 Sep 2023 pada 08.46
-- Versi server: 10.4.22-MariaDB
-- Versi PHP: 8.0.13

SET SQL_MODE = "NO_AUTO_VALUE_ON_ZERO";
START TRANSACTION;
SET time_zone = "+00:00";


/*!40101 SET @OLD_CHARACTER_SET_CLIENT=@@CHARACTER_SET_CLIENT */;
/*!40101 SET @OLD_CHARACTER_SET_RESULTS=@@CHARACTER_SET_RESULTS */;
/*!40101 SET @OLD_COLLATION_CONNECTION=@@COLLATION_CONNECTION */;
/*!40101 SET NAMES utf8mb4 */;

--
-- Database: `toko_roti`
--

-- --------------------------------------------------------

--
-- Struktur dari tabel `ci_sessions`
--

CREATE TABLE `ci_sessions` (
  `id` varchar(128) NOT NULL,
  `ip_address` varchar(45) NOT NULL,
  `timestamp` int(10) UNSIGNED NOT NULL DEFAULT 0,
  `data` blob NOT NULL
) ENGINE=InnoDB DEFAULT CHARSET=utf8mb4;

--
-- Dumping data untuk tabel `ci_sessions`
--

INSERT INTO `ci_sessions` (`id`, `ip_address`, `timestamp`, `data`) VALUES
('ac91hlcjk36pu99d6lfe1odfpqr8f815', '::1', 1603688646, 0x5f5f63695f6c6173745f726567656e65726174657c693a313630333638383634363b7265646972656374696f6e7c4e3b5f5f4143544956455f53455353494f4e5f444154417c733a3235363a223936653737313364393361616164366139393436326437636431363133663463306238666230323261346537326631356566366134393332636438663231393137633930633334303362396638356130623230663062646536393833633234363732636339393064656134336364373662323864616132373731623430383864796453443947666c6747716c3139784c35514238573831664a2f3866426b704b30426f5733615045384c53637163396e342f7353794150496662346f5536344d374f456e33316558557444646e7576655176796c4e645a7869545872782f39522b53463575624e72444b6e38584f4559756645456b4e4d347035704752476d35223b),
('eapgcstehb2ib1ha0eiae392tb1pjg39', '::1', 1603691650, 0x5f5f63695f6c6173745f726567656e65726174657c693a313630333639313635303b7265646972656374696f6e7c4e3b5f5f4143544956455f53455353494f4e5f444154417c733a3235363a223936653737313364393361616164366139393436326437636431363133663463306238666230323261346537326631356566366134393332636438663231393137633930633334303362396638356130623230663062646536393833633234363732636339393064656134336364373662323864616132373731623430383864796453443947666c6747716c3139784c35514238573831664a2f3866426b704b30426f5733615045384c53637163396e342f7353794150496662346f5536344d374f456e33316558557444646e7576655176796c4e645a7869545872782f39522b53463575624e72444b6e38584f4559756645456b4e4d347035704752476d35223b),
('o79rj85c5ok5kp4laecl06u2gsilgalj', '::1', 1603691951, 0x5f5f63695f6c6173745f726567656e65726174657c693a313630333639313935313b5f5f4143544956455f53455353494f4e5f444154417c733a3235363a22613566386561653366646162336235336366393362323331336666306232373434363763383134373134313530663264326339613731336461363834353465373363356365336638663633353735313135643166306636613833623633373563313836643136316263656363643938346537343438333065663436636431386571592b316531747379434872624c454e37464a6a4c3042704e45356e7a4134356c786571574b77333638796f52494a365a49495573742b5178577a706f53373468655870664f79504e49656d3037584a4a506456317636434e4c3358315769744745675659333769655572777a2b3571456348586f45316131654b656c43677a223b),
('kak0av6p29vrlhqf2l6qu730c336e7il', '::1', 1603692261, 0x5f5f63695f6c6173745f726567656e65726174657c693a313630333639323236313b5f5f4143544956455f53455353494f4e5f444154417c733a3235363a22333639393239303730383563623232663935393231393734353836383434613236373932396531366365316663386538306163393937643862613735643937376237643261396135633033343463656665303632306263613962666263633464363263353530373630343864326262336234616637623262373033353061383379576762744c662b344350796d684f4e714f38576669454c7937682b4a4b34356461615132526239327538384258556568623850355a65422b54733267354c61552b36767a61792f4153497638656c6e4e48706f4841626e2b61794137504a52354345565645315339676449394c6a4c662f6163756e6d6a6169583037466f50223b),
('nl6h861v72l3gqbv07cmlp7nvkrl1sdr', '::1', 1603692564, 0x5f5f63695f6c6173745f726567656e65726174657c693a313630333639323536343b5f5f4143544956455f53455353494f4e5f444154417c733a3235363a22333639393239303730383563623232663935393231393734353836383434613236373932396531366365316663386538306163393937643862613735643937376237643261396135633033343463656665303632306263613962666263633464363263353530373630343864326262336234616637623262373033353061383379576762744c662b344350796d684f4e714f38576669454c7937682b4a4b34356461615132526239327538384258556568623850355a65422b54733267354c61552b36767a61792f4153497638656c6e4e48706f4841626e2b61794137504a52354345565645315339676449394c6a4c662f6163756e6d6a6169583037466f50223b6f726465725f7175616e746974797c613a303a7b7d746f74616c5f70726963657c693a353030303b7265646972656374696f6e7c733a36383a226148523063446f764c327876593246736147397a644339306232747658334e68655856794c326c755a4756344c6e426f6343397a614739774c324e6f5a574e7262335630223b636172745f636f6e74656e74737c613a333a7b733a31303a22636172745f746f74616c223b643a31333030303b733a31313a22746f74616c5f6974656d73223b643a313b733a33323a226338316537323864396434633266363336663036376638396363313438363263223b613a363a7b733a323a226964223b733a313a2232223b733a333a22717479223b643a313b733a353a227072696365223b643a31333030303b733a343a226e616d65223b733a31303a224150454c204d45524148223b733a353a22726f776964223b733a33323a226338316537323864396434633266363336663036376638396363313438363263223b733a383a22737562746f74616c223b643a31333030303b7d7d),
('o5e7q06stiia8hfcp9l9esfafbcodi06', '::1', 1603692870, 0x5f5f63695f6c6173745f726567656e65726174657c693a313630333639323837303b7265646972656374696f6e7c4e3b5f5f4143544956455f53455353494f4e5f444154417c733a3235363a22333261313836646664663831656265343365653034373531653139336633336537356330306262636663343161363430383234646266653761616431613930313933363264643865623135383566306337666330313934346337346561653563616166653533356666653466323237366438623534653035376365323939303044386271783562325538753062736e2f3352374f5559622f344a595877574a30314a664b627349723654364f7954557a59465872707a492f704c4f592b7337474e58674b5633516e5a54415856755436684d39675134766b3935744d665277336e456d59474c654f5632573451735a4e446f4237366b754b4a74646847324a61223b),
('bnkmkfdbgm1fg81rrr1rk6ggpg8ovmsv', '::1', 1603693236, 0x5f5f63695f6c6173745f726567656e65726174657c693a313630333639333233363b7265646972656374696f6e7c4e3b5f5f4143544956455f53455353494f4e5f444154417c733a3235363a2239313663353538336562373537623261303965333436303331343832306634636230373138343164643232323937653661643430303431666432643334356432376464363334393363386435613966313364613533646639346362306363663463323532396664343232343663353662366538303465333062326165633533366775316e656c4b4a62544a4c4c304368544547644e6854662f525455715365655939654b334a65455654654c7757786a5a6e4378364471567a796966512f347970467a346c6253316e4f684877597058515673474b55756a445977514e456b6e3846326966435464727a5570394b624a56746565314d595049346f3167705931223b),
('v9efbigk2bu45eir97nalidhgr0fflc9', '::1', 1603693258, 0x5f5f63695f6c6173745f726567656e65726174657c693a313630333639333233363b7265646972656374696f6e7c4e3b5f5f4143544956455f53455353494f4e5f444154417c733a3235363a2239313663353538336562373537623261303965333436303331343832306634636230373138343164643232323937653661643430303431666432643334356432376464363334393363386435613966313364613533646639346362306363663463323532396664343232343663353662366538303465333062326165633533366775316e656c4b4a62544a4c4c304368544547644e6854662f525455715365655939654b334a65455654654c7757786a5a6e4378364471567a796966512f347970467a346c6253316e4f684877597058515673474b55756a445977514e456b6e3846326966435464727a5570394b624a56746565314d595049346f3167705931223b),
('i447iths9psu3i8en2fu9691mfbtki93', '::1', 1603698056, 0x5f5f63695f6c6173745f726567656e65726174657c693a313630333639383035363b7265646972656374696f6e7c4e3b5f5f4143544956455f53455353494f4e5f444154417c733a3235363a22316339316339323239363633373534306533666466376232626166643638303263383838323063363265633731626238333834653033333939393138613461346366643134343834656333323663636239393233376161356562313237303362613966306433646630396230326438646539316233623035623032623636373370677a504e35304f77706c51546871363963554d4a4b6348433252697245553631667a37516a396d346674486934532b4f6e422b6430493970775643525462666754394251775074384f5044726e574849575a685641343543514d3862344763466534466c3548344e4b427178574b7a55664839786c7369705773574e566579223b),
('vse0cu3b7shk15q1a5hvuibdgc26u6nf', '::1', 1603698099, 0x5f5f63695f6c6173745f726567656e65726174657c693a313630333639383035363b7265646972656374696f6e7c4e3b5f5f4143544956455f53455353494f4e5f444154417c733a3235363a22316339316339323239363633373534306533666466376232626166643638303263383838323063363265633731626238333834653033333939393138613461346366643134343834656333323663636239393233376161356562313237303362613966306433646630396230326438646539316233623035623032623636373370677a504e35304f77706c51546871363963554d4a4b6348433252697245553631667a37516a396d346674486934532b4f6e422b6430493970775643525462666754394251775074384f5044726e574849575a685641343543514d3862344763466534466c3548344e4b427178574b7a55664839786c7369705773574e566579223b),
('9jmafkfa38du7o9ki852dap7rultjmcl', '::1', 1603700770, 0x5f5f63695f6c6173745f726567656e65726174657c693a313630333730303736323b7265646972656374696f6e7c4e3b5f5f4143544956455f53455353494f4e5f444154417c733a3235363a22373163386333623736636263633639353865666332626563643162333932363135383165366230623332353632346363373137363566306163643631623035313664646338393266363064636232303930333435646165613337366431653765663631326632343533653765336232393932303931653232373232303363303356736755766e3578322f7a7144562f445134635a544c5546424a424c747479304c5254347573646a456d3759486c6e5659516664356c4259584842477a4d4f4d4374446a44523459316d4954354b4c514e6f4b537174654b535765594f676f30596573517a436d554c6c72345a685242726a7562654f6c4b496c545956523567223b),
('shtel2g73g7o4mp6hrstvtrsr33va7mr', '::1', 1603765658, 0x5f5f63695f6c6173745f726567656e65726174657c693a313630333736353633323b7265646972656374696f6e7c4e3b5f5f4143544956455f53455353494f4e5f444154417c733a3235363a223861663962346237346630306139366463656331366165373162336433336638636531653961613835346632373131616431373530643163613036623765303231653932386530623236333230653938393061396534393464663937376264323266396134393639613939626338346134626164633430366263636265653334417336436c4578716c48594f4c43754733764f416468463664773041586c5951744a504e2f504c4f5775774d6b4c776262767752634e4a34706b324e6c37376750572b31386475514e5a78734d61535a5148527779724d51306433547870534f476f6839414c5a595a4e72716c414534374749497173674e6b4d446968766578223b),
('8073ucj7avfgm60p0ickp20l2720npvk', '::1', 1694679057, 0x5f5f63695f6c6173745f726567656e65726174657c693a313639343637393035373b),
('4h95an3q45u3u7toif105ebu3efr4gvs', '::1', 1694680087, 0x5f5f63695f6c6173745f726567656e65726174657c693a313639343638303038373b),
('j5mrj5sn64j1m8sgfqo6d56ou7qbd30e', '::1', 1694680806, 0x5f5f63695f6c6173745f726567656e65726174657c693a313639343638303830363b),
('p7omo1lsle1peg6vv881734o6t6emuro', '::1', 1694681219, 0x5f5f63695f6c6173745f726567656e65726174657c693a313639343638313231393b7265646972656374696f6e7c4e3b5f5f4143544956455f53455353494f4e5f444154417c733a3235363a22663662656366383532656566336661323932346432646362306630343262636630306664633936393764383834303437313061646430626366613534633836316332306235393561353832396239343261613765326336613865646632363765616162313764396165333166336433353864333631373039336531306232633041557a69376f754a6c63434135786a752b4276365a534735566732463269497852475342784464496b716151314b394e495a517234395a43436e7361767534654f41684f54524132685a6b6c5949505463762b6879684b31324845445269384e69394939652b4f7a52662f654368646f49764132674348695833464153386b75223b73657474696e67735f666c6173687c733a32363a2250726f66696c20626572686173696c2064697065726261727569223b5f5f63695f766172737c613a313a7b733a31343a2273657474696e67735f666c617368223b733a333a226f6c64223b7d),
('88lelommbh2qq446v9lo9sn82nue5ik1', '::1', 1694681546, 0x5f5f63695f6c6173745f726567656e65726174657c693a313639343638313534363b7265646972656374696f6e7c4e3b5f5f4143544956455f53455353494f4e5f444154417c733a3235363a2231313237393336666464356263373734313462623565633862336136386264333339643031663131643435383239376634366134636639393538643564373338343239366130663737386361353461333933646162636662643230303238623662623466316534316634653062663661636563363234646634666161303435647a61324c596957554e6c7a3676717338646f6a37554870336a7049494c6d776b7032754a316f48474a34496d464d734c467a536b2b324e753269336245736579356f4444346d7274796b70625870744939656c657267527a6753566c7731464e6a4b75382b3961777168585875625a7334794c4e385a356e4c354b634d655436223b73657474696e67735f666c6173687c733a33303a2250656e6761747572616e20626572686173696c2064697065726261727569223b5f5f63695f766172737c613a313a7b733a31343a2273657474696e67735f666c617368223b733a333a226f6c64223b7d),
('13g41sdoiqq7tc1lakj2gncfvcqqmrip', '::1', 1694681972, 0x5f5f63695f6c6173745f726567656e65726174657c693a313639343638313937323b7265646972656374696f6e7c4e3b5f5f4143544956455f53455353494f4e5f444154417c733a3235363a2231313237393336666464356263373734313462623565633862336136386264333339643031663131643435383239376634366134636639393538643564373338343239366130663737386361353461333933646162636662643230303238623662623466316534316634653062663661636563363234646634666161303435647a61324c596957554e6c7a3676717338646f6a37554870336a7049494c6d776b7032754a316f48474a34496d464d734c467a536b2b324e753269336245736579356f4444346d7274796b70625870744939656c657267527a6753566c7731464e6a4b75382b3961777168585875625a7334794c4e385a356e4c354b634d655436223b73657474696e67735f666c6173687c733a33303a2250656e6761747572616e20626572686173696c2064697065726261727569223b5f5f63695f766172737c613a313a7b733a31343a2273657474696e67735f666c617368223b733a333a226f6c64223b7d),
('gvl7rmbd4qf8ut4p961e8tbk3gg9253l', '::1', 1694681973, 0x5f5f63695f6c6173745f726567656e65726174657c693a313639343638313937323b7265646972656374696f6e7c4e3b5f5f4143544956455f53455353494f4e5f444154417c733a3235363a2231313237393336666464356263373734313462623565633862336136386264333339643031663131643435383239376634366134636639393538643564373338343239366130663737386361353461333933646162636662643230303238623662623466316534316634653062663661636563363234646634666161303435647a61324c596957554e6c7a3676717338646f6a37554870336a7049494c6d776b7032754a316f48474a34496d464d734c467a536b2b324e753269336245736579356f4444346d7274796b70625870744939656c657267527a6753566c7731464e6a4b75382b3961777168585875625a7334794c4e385a356e4c354b634d655436223b73657474696e67735f666c6173687c733a33303a2250656e6761747572616e20626572686173696c2064697065726261727569223b5f5f63695f766172737c613a313a7b733a31343a2273657474696e67735f666c617368223b733a333a226f6c64223b7d),
('5aif5dit3ma5jn15ronko6kmbjfvcta7', '10.172.0.1', 1694765853, 0x5f5f63695f6c6173745f726567656e65726174657c693a313639343736353835333b),
('69md7i7e81eq1tskh70oagvrfm9601jf', '::1', 1695019918, 0x5f5f63695f6c6173745f726567656e65726174657c693a313639353031393931383b7265646972656374696f6e7c4e3b5f5f4143544956455f53455353494f4e5f444154417c733a3235363a2237623935363865653762386461383131346562303565343731626430353164353533646533626237666433633537306263613539666432303432363061303730323037316161356333383362313366333235633630343237366363336136653066316134646432336433336364323638336264666337663330666139623239377975544e642b576e3376702b4539476f6946774b7a7a3337616c307047752f3059343462653530786e5643324b62645858416b63466f743953726a6b7050523738484532576755744f626c414530704f4a63757737566d57646c51324862364b6a4e354d34674b3331624736346e5a4e59746c3074646679535a566e36557441223b),
('pnkaf8c01f4fkq3gc9i27m97fo7tdmb9', '::1', 1695020222, 0x5f5f63695f6c6173745f726567656e65726174657c693a313639353032303232323b7265646972656374696f6e7c4e3b5f5f4143544956455f53455353494f4e5f444154417c733a3235363a2237623935363865653762386461383131346562303565343731626430353164353533646533626237666433633537306263613539666432303432363061303730323037316161356333383362313366333235633630343237366363336136653066316134646432336433336364323638336264666337663330666139623239377975544e642b576e3376702b4539476f6946774b7a7a3337616c307047752f3059343462653530786e5643324b62645858416b63466f743953726a6b7050523738484532576755744f626c414530704f4a63757737566d57646c51324862364b6a4e354d34674b3331624736346e5a4e59746c3074646679535a566e36557441223b),
('3p7se952bc6ci3luo1r2chqdbq3oncvj', '::1', 1695021311, 0x5f5f63695f6c6173745f726567656e65726174657c693a313639353032313331313b7265646972656374696f6e7c4e3b6c6f67696e5f666c6173687c733a31363a22426572686173696c206c6f676f757421223b5f5f63695f766172737c613a313a7b733a31313a226c6f67696e5f666c617368223b733a333a226f6c64223b7d),
('49b7r10tid75phcpvnc931uqqp5imut1', '::1', 1695021679, 0x5f5f63695f6c6173745f726567656e65726174657c693a313639353032313637393b7265646972656374696f6e7c4e3b6c6f67696e5f666c6173687c733a31363a22426572686173696c206c6f676f757421223b5f5f63695f766172737c613a323a7b733a31313a226c6f67696e5f666c617368223b733a333a226f6c64223b733a31313a2273746f72655f666c617368223b733a333a226f6c64223b7d5f5f4143544956455f53455353494f4e5f444154417c733a3235363a2233383630376166303432373436643030663431656261666361386237366632383936373638363936633438323731396262613331363436313433306434626665376538373637633836613439383265303665393234633166326234326532643965303238616639393165313238363931363962643864353964363630366461316c306e70334d57786b62306c38565041462b6969365157615151507a4a6b59744957562f673571655077384d637464645a556a2f336b574758624c706541496c6b306f31756454446449516c46574d65324c7445775134715935335a4d6d6b326f593362474843704c623336336d566f5275494d387241705775584c7a794475223b73746f72655f666c6173687c733a32363a2250656e646166746172616e20616b756e20626572686173696c21223b),
('ifqfrt1c5s42p24pko1dk4lv2uvodrv8', '::1', 1695022025, 0x5f5f63695f6c6173745f726567656e65726174657c693a313639353032323032353b7265646972656374696f6e7c4e3b6c6f67696e5f666c6173687c733a31363a22426572686173696c206c6f676f757421223b5f5f63695f766172737c613a323a7b733a31313a226c6f67696e5f666c617368223b733a333a226f6c64223b733a31313a2273746f72655f666c617368223b733a333a226f6c64223b7d73746f72655f666c6173687c733a32363a2250656e646166746172616e20616b756e20626572686173696c21223b5f5f4143544956455f53455353494f4e5f444154417c733a3235363a223561366466306630373730313666333562386566303939393333653363373661303939633063346132326535643762343064633530643164333437636239323666666132663138343531313032613763333364333030626236663063633030333062396539376539386236613462633463323063653062346330656335323038563276484c67704d7a3447592b76306e6f31594772537275587343776e74714d62746f672b6c4c4b6234535448646e317130455141484575516b503953716a326270346a7761724845714b75646275764a6c6555564b504c52696634684d78304c376a586264623776636853673047314d45735642697a4c304a57336f363930223b),
('dvbbutun3h3374qgkokupprrrc84rnno', '::1', 1695022858, 0x5f5f63695f6c6173745f726567656e65726174657c693a313639353032323835383b7265646972656374696f6e7c4e3b6c6f67696e5f666c6173687c733a31363a22426572686173696c206c6f676f757421223b5f5f63695f766172737c613a323a7b733a31313a226c6f67696e5f666c617368223b733a333a226f6c64223b733a31313a2273746f72655f666c617368223b733a333a226f6c64223b7d73746f72655f666c6173687c733a32363a2250656e646166746172616e20616b756e20626572686173696c21223b5f5f4143544956455f53455353494f4e5f444154417c733a3235363a223561366466306630373730313666333562386566303939393333653363373661303939633063346132326535643762343064633530643164333437636239323666666132663138343531313032613763333364333030626236663063633030333062396539376539386236613462633463323063653062346330656335323038563276484c67704d7a3447592b76306e6f31594772537275587343776e74714d62746f672b6c4c4b6234535448646e317130455141484575516b503953716a326270346a7761724845714b75646275764a6c6555564b504c52696634684d78304c376a586264623776636853673047314d45735642697a4c304a57336f363930223b),
('kgqgucbe2i03bd1136k85l1833eokoce', '::1', 1695023214, 0x5f5f63695f6c6173745f726567656e65726174657c693a313639353032333231343b7265646972656374696f6e7c4e3b6c6f67696e5f666c6173687c733a31363a22426572686173696c206c6f676f757421223b5f5f63695f766172737c613a323a7b733a31313a226c6f67696e5f666c617368223b733a333a226f6c64223b733a31313a2273746f72655f666c617368223b733a333a226f6c64223b7d73746f72655f666c6173687c733a32363a2250656e646166746172616e20616b756e20626572686173696c21223b5f5f4143544956455f53455353494f4e5f444154417c733a3235363a223561366466306630373730313666333562386566303939393333653363373661303939633063346132326535643762343064633530643164333437636239323666666132663138343531313032613763333364333030626236663063633030333062396539376539386236613462633463323063653062346330656335323038563276484c67704d7a3447592b76306e6f31594772537275587343776e74714d62746f672b6c4c4b6234535448646e317130455141484575516b503953716a326270346a7761724845714b75646275764a6c6555564b504c52696634684d78304c376a586264623776636853673047314d45735642697a4c304a57336f363930223b),
('ku1ruim08sme123r7vgioiuh13nkqqge', '::1', 1695023558, 0x5f5f63695f6c6173745f726567656e65726174657c693a313639353032333535383b7265646972656374696f6e7c4e3b6c6f67696e5f666c6173687c733a31363a22426572686173696c206c6f676f757421223b5f5f63695f766172737c613a323a7b733a31313a226c6f67696e5f666c617368223b733a333a226f6c64223b733a31313a2273746f72655f666c617368223b733a333a226f6c64223b7d73746f72655f666c6173687c733a32363a2250656e646166746172616e20616b756e20626572686173696c21223b5f5f4143544956455f53455353494f4e5f444154417c733a3235363a223561366466306630373730313666333562386566303939393333653363373661303939633063346132326535643762343064633530643164333437636239323666666132663138343531313032613763333364333030626236663063633030333062396539376539386236613462633463323063653062346330656335323038563276484c67704d7a3447592b76306e6f31594772537275587343776e74714d62746f672b6c4c4b6234535448646e317130455141484575516b503953716a326270346a7761724845714b75646275764a6c6555564b504c52696634684d78304c376a586264623776636853673047314d45735642697a4c304a57336f363930223b),
('8oo6uj6mg0ma7l7n0kdh817e1lu7dj08', '::1', 1695023906, 0x5f5f63695f6c6173745f726567656e65726174657c693a313639353032333930363b7265646972656374696f6e7c4e3b6c6f67696e5f666c6173687c733a31363a22426572686173696c206c6f676f757421223b5f5f63695f766172737c613a323a7b733a31313a226c6f67696e5f666c617368223b733a333a226f6c64223b733a31313a2273746f72655f666c617368223b733a333a226f6c64223b7d73746f72655f666c6173687c733a32363a2250656e646166746172616e20616b756e20626572686173696c21223b5f5f4143544956455f53455353494f4e5f444154417c733a3235363a223561366466306630373730313666333562386566303939393333653363373661303939633063346132326535643762343064633530643164333437636239323666666132663138343531313032613763333364333030626236663063633030333062396539376539386236613462633463323063653062346330656335323038563276484c67704d7a3447592b76306e6f31594772537275587343776e74714d62746f672b6c4c4b6234535448646e317130455141484575516b503953716a326270346a7761724845714b75646275764a6c6555564b504c52696634684d78304c376a586264623776636853673047314d45735642697a4c304a57336f363930223b),
('4ju6frf3pjipuecievlpqulkfa5jtuns', '::1', 1695025776, 0x5f5f63695f6c6173745f726567656e65726174657c693a313639353032353737363b7265646972656374696f6e7c4e3b6c6f67696e5f666c6173687c733a31363a22426572686173696c206c6f676f757421223b5f5f63695f766172737c613a323a7b733a31313a226c6f67696e5f666c617368223b733a333a226f6c64223b733a31313a2273746f72655f666c617368223b733a333a226f6c64223b7d73746f72655f666c6173687c733a32363a2250656e646166746172616e20616b756e20626572686173696c21223b5f5f4143544956455f53455353494f4e5f444154417c733a3235363a223561366466306630373730313666333562386566303939393333653363373661303939633063346132326535643762343064633530643164333437636239323666666132663138343531313032613763333364333030626236663063633030333062396539376539386236613462633463323063653062346330656335323038563276484c67704d7a3447592b76306e6f31594772537275587343776e74714d62746f672b6c4c4b6234535448646e317130455141484575516b503953716a326270346a7761724845714b75646275764a6c6555564b504c52696634684d78304c376a586264623776636853673047314d45735642697a4c304a57336f363930223b),
('k2di3aim82n08451toefs62igf95io2c', '::1', 1695029562, 0x5f5f63695f6c6173745f726567656e65726174657c693a313639353032393536323b7265646972656374696f6e7c4e3b6c6f67696e5f666c6173687c733a31363a22426572686173696c206c6f676f757421223b5f5f63695f766172737c613a323a7b733a31313a226c6f67696e5f666c617368223b733a333a226f6c64223b733a31313a2273746f72655f666c617368223b733a333a226f6c64223b7d73746f72655f666c6173687c733a32363a2250656e646166746172616e20616b756e20626572686173696c21223b5f5f4143544956455f53455353494f4e5f444154417c733a3235363a223561366466306630373730313666333562386566303939393333653363373661303939633063346132326535643762343064633530643164333437636239323666666132663138343531313032613763333364333030626236663063633030333062396539376539386236613462633463323063653062346330656335323038563276484c67704d7a3447592b76306e6f31594772537275587343776e74714d62746f672b6c4c4b6234535448646e317130455141484575516b503953716a326270346a7761724845714b75646275764a6c6555564b504c52696634684d78304c376a586264623776636853673047314d45735642697a4c304a57336f363930223b),
('pb0ivjjtr7onf7njuvu4m81n5rbbh960', '::1', 1695030113, 0x5f5f63695f6c6173745f726567656e65726174657c693a313639353033303131333b7265646972656374696f6e7c4e3b6c6f67696e5f666c6173687c733a31363a22426572686173696c206c6f676f757421223b5f5f63695f766172737c613a323a7b733a31313a226c6f67696e5f666c617368223b733a333a226f6c64223b733a31313a2273746f72655f666c617368223b733a333a226f6c64223b7d73746f72655f666c6173687c733a32363a2250656e646166746172616e20616b756e20626572686173696c21223b5f5f4143544956455f53455353494f4e5f444154417c733a3235363a223561366466306630373730313666333562386566303939393333653363373661303939633063346132326535643762343064633530643164333437636239323666666132663138343531313032613763333364333030626236663063633030333062396539376539386236613462633463323063653062346330656335323038563276484c67704d7a3447592b76306e6f31594772537275587343776e74714d62746f672b6c4c4b6234535448646e317130455141484575516b503953716a326270346a7761724845714b75646275764a6c6555564b504c52696634684d78304c376a586264623776636853673047314d45735642697a4c304a57336f363930223b),
('jlu57lulkus1mpo3dggckndomvv87e97', '::1', 1695036608, 0x5f5f63695f6c6173745f726567656e65726174657c693a313639353033363630383b7265646972656374696f6e7c4e3b6c6f67696e5f666c6173687c733a31363a22426572686173696c206c6f676f757421223b5f5f63695f766172737c613a323a7b733a31313a226c6f67696e5f666c617368223b733a333a226f6c64223b733a31313a2273746f72655f666c617368223b733a333a226f6c64223b7d73746f72655f666c6173687c733a32363a2250656e646166746172616e20616b756e20626572686173696c21223b5f5f4143544956455f53455353494f4e5f444154417c733a3235363a223561366466306630373730313666333562386566303939393333653363373661303939633063346132326535643762343064633530643164333437636239323666666132663138343531313032613763333364333030626236663063633030333062396539376539386236613462633463323063653062346330656335323038563276484c67704d7a3447592b76306e6f31594772537275587343776e74714d62746f672b6c4c4b6234535448646e317130455141484575516b503953716a326270346a7761724845714b75646275764a6c6555564b504c52696634684d78304c376a586264623776636853673047314d45735642697a4c304a57336f363930223b),
('sjhjh1epr4gt32rsvtj7atf0gr53qikn', '::1', 1695039769, 0x5f5f63695f6c6173745f726567656e65726174657c693a313639353033393736393b7265646972656374696f6e7c4e3b6c6f67696e5f666c6173687c733a31363a22426572686173696c206c6f676f757421223b5f5f63695f766172737c613a323a7b733a31313a226c6f67696e5f666c617368223b733a333a226f6c64223b733a31313a2273746f72655f666c617368223b733a333a226f6c64223b7d73746f72655f666c6173687c733a32363a2250656e646166746172616e20616b756e20626572686173696c21223b5f5f4143544956455f53455353494f4e5f444154417c733a3235363a223561366466306630373730313666333562386566303939393333653363373661303939633063346132326535643762343064633530643164333437636239323666666132663138343531313032613763333364333030626236663063633030333062396539376539386236613462633463323063653062346330656335323038563276484c67704d7a3447592b76306e6f31594772537275587343776e74714d62746f672b6c4c4b6234535448646e317130455141484575516b503953716a326270346a7761724845714b75646275764a6c6555564b504c52696634684d78304c376a586264623776636853673047314d45735642697a4c304a57336f363930223b),
('21a3m3338pbufis5qu42knk6o4i30j26', '::1', 1695039770, 0x5f5f63695f6c6173745f726567656e65726174657c693a313639353033393736393b7265646972656374696f6e7c4e3b6c6f67696e5f666c6173687c733a31363a22426572686173696c206c6f676f757421223b5f5f63695f766172737c613a323a7b733a31313a226c6f67696e5f666c617368223b733a333a226f6c64223b733a31313a2273746f72655f666c617368223b733a333a226f6c64223b7d73746f72655f666c6173687c733a32363a2250656e646166746172616e20616b756e20626572686173696c21223b5f5f4143544956455f53455353494f4e5f444154417c733a3235363a223561366466306630373730313666333562386566303939393333653363373661303939633063346132326535643762343064633530643164333437636239323666666132663138343531313032613763333364333030626236663063633030333062396539376539386236613462633463323063653062346330656335323038563276484c67704d7a3447592b76306e6f31594772537275587343776e74714d62746f672b6c4c4b6234535448646e317130455141484575516b503953716a326270346a7761724845714b75646275764a6c6555564b504c52696634684d78304c376a586264623776636853673047314d45735642697a4c304a57336f363930223b),
('o7u86sclp37bgjuh64jl952f93dde6h0', '::1', 1695105537, 0x5f5f63695f6c6173745f726567656e65726174657c693a313639353130353533373b7265646972656374696f6e7c4e3b5f5f4143544956455f53455353494f4e5f444154417c733a3235363a22333362653439366230653436373832316662393666666130383934313236346630626631303564323032343537653163333130313338323666653464323634383333323564616266636135363633313034323632323934363139306363353333333438663964653637643039353538316562366232653538353161383430656450394b526d6159412f486169524d6c312f46654654724f39786838326551574a32415162314e6b4d63704a487a796e755a6c5936422f574861586b4c325a387536665554772f4279525a3066426e616378383664664c4e38636f496b41786e66734c77686230552b666b4d554b2b68613956366f477776686c476843347a3577223b73657474696e67735f666c6173687c733a33303a2250656e6761747572616e20626572686173696c2064697065726261727569223b5f5f63695f766172737c613a313a7b733a31343a2273657474696e67735f666c617368223b733a333a226f6c64223b7d),
('it7oo7774u60tobjmk2ac8j1el4m6i3f', '::1', 1695106321, 0x5f5f63695f6c6173745f726567656e65726174657c693a313639353130363332313b7265646972656374696f6e7c4e3b5f5f4143544956455f53455353494f4e5f444154417c733a3235363a2235653462633230326233363436383838616263636362376130613066366135373566303965353832333261323030373338613966316439303636303337633161376130613462323063346262396463326232396465343834353637373431363061316165323761346165636165343539653164623838616463303462303862354f565a45504a77446a6d664e6c304f323265703130434f5455687045713771625a5a63656c3056772f4b4a57744473784e485473516b394b4a4f7a774866716d653570796c776c4f5274636854686e69667a735063566451517038417648494e756c667530584766384575554b364273796d4377394e6768306c4d384e457232223b73657474696e67735f666c6173687c733a33303a2250656e6761747572616e20626572686173696c2064697065726261727569223b5f5f63695f766172737c613a313a7b733a31343a2273657474696e67735f666c617368223b733a333a226f6c64223b7d),
('5snqm9036pj8fag5k3ho0dcekvvhktmb', '::1', 1695106710, 0x5f5f63695f6c6173745f726567656e65726174657c693a313639353130363731303b7265646972656374696f6e7c4e3b5f5f4143544956455f53455353494f4e5f444154417c733a3235363a2235653462633230326233363436383838616263636362376130613066366135373566303965353832333261323030373338613966316439303636303337633161376130613462323063346262396463326232396465343834353637373431363061316165323761346165636165343539653164623838616463303462303862354f565a45504a77446a6d664e6c304f323265703130434f5455687045713771625a5a63656c3056772f4b4a57744473784e485473516b394b4a4f7a774866716d653570796c776c4f5274636854686e69667a735063566451517038417648494e756c667530584766384575554b364273796d4377394e6768306c4d384e457232223b73657474696e67735f666c6173687c733a33303a2250656e6761747572616e20626572686173696c2064697065726261727569223b5f5f63695f766172737c613a313a7b733a31343a2273657474696e67735f666c617368223b733a333a226f6c64223b7d),
('a9ifqdcgmvbs936gp21cptgr5tv86ulq', '::1', 1695108636, 0x5f5f63695f6c6173745f726567656e65726174657c693a313639353130383633363b7265646972656374696f6e7c4e3b5f5f4143544956455f53455353494f4e5f444154417c733a3235363a2235356236656138363961643332323562373239636365636362323630383465343134626664306233326633396461303732386331356439376533643835393630366535663534303131643831643535333565363834356363613439613538353234353230376534643964306435316462616166336333346466653961623931385967464448494154534a5245496b464241434e674c5a395679333747464763534a5a7a3533597a3949435734716c47364a55433946476b73643753666933467131573853797350577a2f505a335273686e54716359486879546a58537a2b4b55775253332f387346392b68576571494d6447662b4b676e4f4c742b4a646e5550223b73657474696e67735f666c6173687c733a33303a2250656e6761747572616e20626572686173696c2064697065726261727569223b5f5f63695f766172737c613a323a7b733a31343a2273657474696e67735f666c617368223b733a333a226f6c64223b733a31383a22656469745f70726f647563745f666c617368223b733a333a226f6c64223b7d656469745f70726f647563745f666c6173687c733a32373a2250726f64756b20626572686173696c206469706572626172756921223b),
('0q1rva4t0crhfsoov2tev8n46aies2oi', '::1', 1695108956, 0x5f5f63695f6c6173745f726567656e65726174657c693a313639353130383935363b7265646972656374696f6e7c4e3b5f5f4143544956455f53455353494f4e5f444154417c733a3235363a2235356236656138363961643332323562373239636365636362323630383465343134626664306233326633396461303732386331356439376533643835393630366535663534303131643831643535333565363834356363613439613538353234353230376534643964306435316462616166336333346466653961623931385967464448494154534a5245496b464241434e674c5a395679333747464763534a5a7a3533597a3949435734716c47364a55433946476b73643753666933467131573853797350577a2f505a335273686e54716359486879546a58537a2b4b55775253332f387346392b68576571494d6447662b4b676e4f4c742b4a646e5550223b73657474696e67735f666c6173687c733a33303a2250656e6761747572616e20626572686173696c2064697065726261727569223b5f5f63695f766172737c613a323a7b733a31343a2273657474696e67735f666c617368223b733a333a226f6c64223b733a31383a22656469745f70726f647563745f666c617368223b733a333a226f6c64223b7d656469745f70726f647563745f666c6173687c733a32373a2250726f64756b20626572686173696c206469706572626172756921223b),
('0invtsqt1q8vm88dttchi57vp66ou5o4', '::1', 1695109296, 0x5f5f63695f6c6173745f726567656e65726174657c693a313639353130393239363b7265646972656374696f6e7c4e3b5f5f4143544956455f53455353494f4e5f444154417c733a3235363a223836316562303630396664343562363830323437383263663134356261356337336633613064323339316361663631373539363531393031316132616161323363643235326664353936663631373232393733363961653132323230373262323437336434653035316138343261366638306137616262316437396463643131317658707365647355413244515741496a64656a48306f6365436e5664544d535137463951727635516430723434785053424c7671686d462f4343746c664b38486e6f5754704a74476e3434627569726d72707751726e7746623776524a366259694d593134583370656d727976646670343248386864464844737033493239223b73657474696e67735f666c6173687c733a33303a2250656e6761747572616e20626572686173696c2064697065726261727569223b5f5f63695f766172737c613a353a7b733a31343a2273657474696e67735f666c617368223b733a333a226f6c64223b733a31383a22656469745f70726f647563745f666c617368223b733a333a226f6c64223b733a32313a226164645f6e65775f70726f647563745f666c617368223b733a333a226f6c64223b733a31313a226c6f67696e5f666c617368223b733a333a226f6c64223b733a31323a226f6c645f757365726e616d65223b733a333a226f6c64223b7d656469745f70726f647563745f666c6173687c733a32373a2250726f64756b20626572686173696c206469706572626172756921223b6164645f6e65775f70726f647563745f666c6173687c733a33333a2250726f64756b206261727520626572686173696c20646974616d6261686b616e21223b6c6f67696e5f666c6173687c733a31353a2250617373776f72642073616c616821223b6f6c645f757365726e616d657c733a353a2261646d696e223b),
('cc6qkh2n8f82la8gmo6uek0oeae267v9', '::1', 1695109600, 0x5f5f63695f6c6173745f726567656e65726174657c693a313639353130393630303b7265646972656374696f6e7c4e3b5f5f4143544956455f53455353494f4e5f444154417c733a3235363a223834633665643865393863626562383533336565653861656137333536353063633364323161643938353665376232316461623338626636373761396336353763323461633263386631613362346266336631643232636464376364633565663762656132336135383337303963656666376465633936643538633137313335754472763648753642474b78723041516f384f536e6b7a48763773744d51524c6a7530446b772b753858564c39485643454646766a3750512b66764c526e3777486168367938533961504d4171712f4456673656455338736b48567a565059594d473042623338724e39444e77305546664d73454c525a4d4a445868337a394a223b73657474696e67735f666c6173687c733a33303a2250656e6761747572616e20626572686173696c2064697065726261727569223b5f5f63695f766172737c613a353a7b733a31343a2273657474696e67735f666c617368223b733a333a226f6c64223b733a31383a22656469745f70726f647563745f666c617368223b733a333a226f6c64223b733a32313a226164645f6e65775f70726f647563745f666c617368223b733a333a226f6c64223b733a31313a226c6f67696e5f666c617368223b733a333a226f6c64223b733a31323a226f6c645f757365726e616d65223b733a333a226f6c64223b7d656469745f70726f647563745f666c6173687c733a32373a2250726f64756b20626572686173696c206469706572626172756921223b6164645f6e65775f70726f647563745f666c6173687c733a33333a2250726f64756b206261727520626572686173696c20646974616d6261686b616e21223b6c6f67696e5f666c6173687c733a31353a2250617373776f72642073616c616821223b6f6c645f757365726e616d657c733a353a2261646d696e223b),
('s53kgqmi013t6b9g4ncmm9sv60fa5msd', '::1', 1695109932, 0x5f5f63695f6c6173745f726567656e65726174657c693a313639353130393933323b7265646972656374696f6e7c4e3b5f5f4143544956455f53455353494f4e5f444154417c733a3235363a223338613738346434353831636635646164363539386633343339633338663830343939633435336137663264396166356136626633623533346237343535386663623531373762373663653832343566633464326264663336666436333564323630633435386263353231646331333764376337383330643762336430646162324f43733237543135345a5430316f3076687a4c497574596c6a6b5a7063523776496376565a50526e343379656f504a5a485245666774446961696b39436b55426a376e6d644c68467765336f61613731326e3432646e7231736732774f2b792f67563148677a537938506e4461583161304a3561547878367151554c30492f223b73657474696e67735f666c6173687c733a33303a2250656e6761747572616e20626572686173696c2064697065726261727569223b5f5f63695f766172737c613a353a7b733a31343a2273657474696e67735f666c617368223b733a333a226f6c64223b733a31383a22656469745f70726f647563745f666c617368223b733a333a226f6c64223b733a32313a226164645f6e65775f70726f647563745f666c617368223b733a333a226f6c64223b733a31313a226c6f67696e5f666c617368223b733a333a226f6c64223b733a31323a226f6c645f757365726e616d65223b733a333a226f6c64223b7d656469745f70726f647563745f666c6173687c733a32373a2250726f64756b20626572686173696c206469706572626172756921223b6164645f6e65775f70726f647563745f666c6173687c733a33333a2250726f64756b206261727520626572686173696c20646974616d6261686b616e21223b6c6f67696e5f666c6173687c733a31353a2250617373776f72642073616c616821223b6f6c645f757365726e616d657c733a353a2261646d696e223b),
('fhtl2k8nsmucvpu9fljr9ojmvvpjt5jb', '::1', 1695110995, 0x5f5f63695f6c6173745f726567656e65726174657c693a313639353131303939353b7265646972656374696f6e7c4e3b5f5f4143544956455f53455353494f4e5f444154417c733a3235363a2235386466663339336539313832346132363030643431363639653066613965633434303063393838393338663235313132373039636230333930336265393737363265633161356262633936393433613738376438326666383462356537636339383161666333633233356237613137376232636538343834646235383365656d6366776f3850424568477042736d7232762b2b58646372566758465a456355464535745943706f3351582f5a766a4b524837752b414a58737661483775705064614a5855526633655835374a6366666c4630664f6c47374144564c7550434c2b64426c332f79424b584b4d6463556f2b6c5070674b626d4c4d6c654b464f38223b73657474696e67735f666c6173687c733a33303a2250656e6761747572616e20626572686173696c2064697065726261727569223b5f5f63695f766172737c613a353a7b733a31343a2273657474696e67735f666c617368223b733a333a226f6c64223b733a31383a22656469745f70726f647563745f666c617368223b733a333a226f6c64223b733a32313a226164645f6e65775f70726f647563745f666c617368223b733a333a226f6c64223b733a31313a226c6f67696e5f666c617368223b733a333a226f6c64223b733a31323a226f6c645f757365726e616d65223b733a333a226f6c64223b7d656469745f70726f647563745f666c6173687c733a32373a2250726f64756b20626572686173696c206469706572626172756921223b6164645f6e65775f70726f647563745f666c6173687c733a33333a2250726f64756b206261727520626572686173696c20646974616d6261686b616e21223b6c6f67696e5f666c6173687c733a31353a2250617373776f72642073616c616821223b6f6c645f757365726e616d657c733a353a2261646d696e223b636172745f636f6e74656e74737c613a333a7b733a31303a22636172745f746f74616c223b643a34303030303b733a31313a22746f74616c5f6974656d73223b643a313b733a33323a223363353964633034386538383530323433626538303739613563373464303739223b613a363a7b733a323a226964223b733a323a223231223b733a333a22717479223b643a313b733a353a227072696365223b643a34303030303b733a343a226e616d65223b733a31353a22524f434b5920424c55454245525259223b733a353a22726f776964223b733a33323a223363353964633034386538383530323433626538303739613563373464303739223b733a383a22737562746f74616c223b643a34303030303b7d7d),
('3huf42ksrud34tvibo5n83ibfduee630', '::1', 1695111781, 0x5f5f63695f6c6173745f726567656e65726174657c693a313639353131313738313b7265646972656374696f6e7c4e3b5f5f4143544956455f53455353494f4e5f444154417c733a3235363a2235386466663339336539313832346132363030643431363639653066613965633434303063393838393338663235313132373039636230333930336265393737363265633161356262633936393433613738376438326666383462356537636339383161666333633233356237613137376232636538343834646235383365656d6366776f3850424568477042736d7232762b2b58646372566758465a456355464535745943706f3351582f5a766a4b524837752b414a58737661483775705064614a5855526633655835374a6366666c4630664f6c47374144564c7550434c2b64426c332f79424b584b4d6463556f2b6c5070674b626d4c4d6c654b464f38223b73657474696e67735f666c6173687c733a33303a2250656e6761747572616e20626572686173696c2064697065726261727569223b5f5f63695f766172737c613a353a7b733a31343a2273657474696e67735f666c617368223b733a333a226f6c64223b733a31383a22656469745f70726f647563745f666c617368223b733a333a226f6c64223b733a32313a226164645f6e65775f70726f647563745f666c617368223b733a333a226f6c64223b733a31313a226c6f67696e5f666c617368223b733a333a226f6c64223b733a31323a226f6c645f757365726e616d65223b733a333a226f6c64223b7d656469745f70726f647563745f666c6173687c733a32373a2250726f64756b20626572686173696c206469706572626172756921223b6164645f6e65775f70726f647563745f666c6173687c733a33333a2250726f64756b206261727520626572686173696c20646974616d6261686b616e21223b6c6f67696e5f666c6173687c733a31353a2250617373776f72642073616c616821223b6f6c645f757365726e616d657c733a353a2261646d696e223b636172745f636f6e74656e74737c613a333a7b733a31303a22636172745f746f74616c223b643a34303030303b733a31313a22746f74616c5f6974656d73223b643a313b733a33323a223363353964633034386538383530323433626538303739613563373464303739223b613a363a7b733a323a226964223b733a323a223231223b733a333a22717479223b643a313b733a353a227072696365223b643a34303030303b733a343a226e616d65223b733a31353a22524f434b5920424c55454245525259223b733a353a22726f776964223b733a33323a223363353964633034386538383530323433626538303739613563373464303739223b733a383a22737562746f74616c223b643a34303030303b7d7d),
('dvauc1ndri4tlpa7q39i517m735turac', '::1', 1695115324, 0x5f5f63695f6c6173745f726567656e65726174657c693a313639353131353332343b7265646972656374696f6e7c4e3b5f5f4143544956455f53455353494f4e5f444154417c733a3235363a2235386466663339336539313832346132363030643431363639653066613965633434303063393838393338663235313132373039636230333930336265393737363265633161356262633936393433613738376438326666383462356537636339383161666333633233356237613137376232636538343834646235383365656d6366776f3850424568477042736d7232762b2b58646372566758465a456355464535745943706f3351582f5a766a4b524837752b414a58737661483775705064614a5855526633655835374a6366666c4630664f6c47374144564c7550434c2b64426c332f79424b584b4d6463556f2b6c5070674b626d4c4d6c654b464f38223b73657474696e67735f666c6173687c733a33303a2250656e6761747572616e20626572686173696c2064697065726261727569223b5f5f63695f766172737c613a353a7b733a31343a2273657474696e67735f666c617368223b733a333a226f6c64223b733a31383a22656469745f70726f647563745f666c617368223b733a333a226f6c64223b733a32313a226164645f6e65775f70726f647563745f666c617368223b733a333a226f6c64223b733a31313a226c6f67696e5f666c617368223b733a333a226f6c64223b733a31323a226f6c645f757365726e616d65223b733a333a226f6c64223b7d656469745f70726f647563745f666c6173687c733a32373a2250726f64756b20626572686173696c206469706572626172756921223b6164645f6e65775f70726f647563745f666c6173687c733a33333a2250726f64756b206261727520626572686173696c20646974616d6261686b616e21223b6c6f67696e5f666c6173687c733a31353a2250617373776f72642073616c616821223b6f6c645f757365726e616d657c733a353a2261646d696e223b),
('bc452ps5s9f135lgrcsdbsb71m90mehr', '::1', 1695115605, 0x5f5f63695f6c6173745f726567656e65726174657c693a313639353131353332343b7265646972656374696f6e7c4e3b5f5f4143544956455f53455353494f4e5f444154417c733a3235363a2235386466663339336539313832346132363030643431363639653066613965633434303063393838393338663235313132373039636230333930336265393737363265633161356262633936393433613738376438326666383462356537636339383161666333633233356237613137376232636538343834646235383365656d6366776f3850424568477042736d7232762b2b58646372566758465a456355464535745943706f3351582f5a766a4b524837752b414a58737661483775705064614a5855526633655835374a6366666c4630664f6c47374144564c7550434c2b64426c332f79424b584b4d6463556f2b6c5070674b626d4c4d6c654b464f38223b73657474696e67735f666c6173687c733a33303a2250656e6761747572616e20626572686173696c2064697065726261727569223b5f5f63695f766172737c613a353a7b733a31343a2273657474696e67735f666c617368223b733a333a226f6c64223b733a31383a22656469745f70726f647563745f666c617368223b733a333a226f6c64223b733a32313a226164645f6e65775f70726f647563745f666c617368223b733a333a226f6c64223b733a31313a226c6f67696e5f666c617368223b733a333a226f6c64223b733a31323a226f6c645f757365726e616d65223b733a333a226f6c64223b7d656469745f70726f647563745f666c6173687c733a32373a2250726f64756b20626572686173696c206469706572626172756921223b6164645f6e65775f70726f647563745f666c6173687c733a33333a2250726f64756b206261727520626572686173696c20646974616d6261686b616e21223b6c6f67696e5f666c6173687c733a31353a2250617373776f72642073616c616821223b6f6c645f757365726e616d657c733a353a2261646d696e223b),
('ui76s29oaq9s40rc8tkpe63n3kutmvn2', '::1', 1695192921, 0x5f5f63695f6c6173745f726567656e65726174657c693a313639353139323932313b),
('r8drci5bis55c8qg8nqo5cvhtqktgc46', '::1', 1695193229, 0x5f5f63695f6c6173745f726567656e65726174657c693a313639353139333232393b),
('btt0lcbdqfkfpa40df523cc6jr8gtq6g', '::1', 1695193230, 0x5f5f63695f6c6173745f726567656e65726174657c693a313639353139333232393b);

-- --------------------------------------------------------

--
-- Struktur dari tabel `contacts`
--

CREATE TABLE `contacts` (
  `id` int(10) NOT NULL,
  `parent_id` int(10) DEFAULT NULL,
  `name` varchar(32) NOT NULL,
  `subject` varchar(128) DEFAULT NULL,
  `email` varchar(64) NOT NULL,
  `message` mediumtext NOT NULL,
  `contact_date` datetime DEFAULT NULL,
  `status` tinyint(1) DEFAULT 1,
  `reply_at` datetime DEFAULT NULL
) ENGINE=InnoDB DEFAULT CHARSET=utf8mb4;

--
-- Dumping data untuk tabel `contacts`
--

INSERT INTO `contacts` (`id`, `parent_id`, `name`, `subject`, `email`, `message`, `contact_date`, `status`, `reply_at`) VALUES
(1, NULL, 'Agung Tri Saputra', 'Pengiriman kok lama?', 'martinms.za@gmail.com', 'pengiriman pesanan saya kok lama ya', '2020-03-29 07:40:13', 2, NULL);

-- --------------------------------------------------------

--
-- Struktur dari tabel `coupons`
--

CREATE TABLE `coupons` (
  `id` bigint(20) NOT NULL,
  `name` varchar(191) NOT NULL,
  `code` varchar(32) NOT NULL,
  `credit` decimal(8,2) NOT NULL,
  `start_date` date NOT NULL,
  `expired_date` date NOT NULL,
  `is_active` tinyint(4) DEFAULT 1
) ENGINE=InnoDB DEFAULT CHARSET=utf8mb4;

--
-- Dumping data untuk tabel `coupons`
--

INSERT INTO `coupons` (`id`, `name`, `code`, `credit`, `start_date`, `expired_date`, `is_active`) VALUES
(1, '#DiRumahAja', 'DIRUMAHAJA2023', '5000.00', '2023-08-27', '2023-12-30', 1);

-- --------------------------------------------------------

--
-- Struktur dari tabel `customers`
--

CREATE TABLE `customers` (
  `id` bigint(20) NOT NULL,
  `user_id` bigint(20) UNSIGNED DEFAULT NULL,
  `name` varchar(191) NOT NULL,
  `phone_number` varchar(32) DEFAULT NULL,
  `address` varchar(191) NOT NULL,
  `profile_picture` varchar(191) DEFAULT NULL
) ENGINE=InnoDB DEFAULT CHARSET=utf8mb4;

--
-- Dumping data untuk tabel `customers`
--

INSERT INTO `customers` (`id`, `user_id`, `name`, `phone_number`, `address`, `profile_picture`) VALUES
(7, 8, 'Pembeli1', '087741130522', 'Jln. Merdeka Barat- Jakarta Indonesia', NULL),
(8, 10, 'Pembeli2', '087741160520', 'Jln. Merdeka Barat- Jakarta Indonesia', NULL),
(9, 11, 'Pembeli4', '0870000000', 'Jln.Merdeka Barat - Jakarta', NULL),
(10, 12, 'AUFA MILENIO AMARI', '089687897697', 'Wage Permai B-5,Rt 06 Rw 04 Wage, Taman, SIdoarjo', NULL);

-- --------------------------------------------------------

--
-- Struktur dari tabel `orders`
--

CREATE TABLE `orders` (
  `id` bigint(20) NOT NULL,
  `user_id` bigint(20) UNSIGNED DEFAULT NULL,
  `coupon_id` bigint(20) DEFAULT NULL,
  `order_number` varchar(16) NOT NULL,
  `order_status` enum('1','2','3','4','5') DEFAULT '1',
  `order_date` datetime NOT NULL,
  `total_price` decimal(8,2) DEFAULT NULL,
  `total_items` int(10) DEFAULT NULL,
  `payment_method` int(11) DEFAULT 1,
  `delivery_data` text DEFAULT NULL,
  `delivered_date` datetime DEFAULT NULL,
  `finish_date` datetime DEFAULT NULL
) ENGINE=InnoDB DEFAULT CHARSET=utf8mb4;

--
-- Dumping data untuk tabel `orders`
--

INSERT INTO `orders` (`id`, `user_id`, `coupon_id`, `order_number`, `order_status`, `order_date`, `total_price`, `total_items`, `payment_method`, `delivery_data`, `delivered_date`, `finish_date`) VALUES
(12, 8, NULL, 'IUK26102018329', '2', '2020-10-26 07:09:37', '18000.00', 1, 1, '{\"customer\":{\"name\":\"Pembeli1\",\"phone_number\":\"087741130522\",\"address\":\"Jln. Merdeka Barat- Jakarta Indonesia\"},\"note\":\"\\u30a2\\u30ea\\u30d5\\u3055\\u3093\\r\\n\\r\\n28\\u65e5\\u3067\\u3057\\u305f\\u3089\\u30a4\\u30f3\\u30c9\\u30cd\\u30b7\\u30a2\\u6642\\u9593\\u306713\\u6642\\uff5e14\\u6642\\u306a\\u3089\\r\\n\\u30df\\u30fc\\u30c6\\u30a3\\u30f3\\u30b0\\u3067\\u304d\\u307e\\u3059\\u3002\\r\\n28\\u65e5\\u306b\\u30b7\\u30e3\\u30ea\\u3055\\u3093\\u30fb\\u30b5\\u30d2\\u30c9\\u3055\\u3093\\u306f\\u5927\\u4e08\\u592b\\u3067\\u3059\\u304b\\uff1f\\r\\n\\r\\n\\u576a\\u4e95\\r\\n\"}', NULL, NULL),
(13, 10, NULL, 'PNL261020110401', '2', '2020-10-26 07:16:25', '30000.00', 1, 1, '{\"customer\":{\"name\":\"Pembeli2\",\"phone_number\":\"087741160520\",\"address\":\"Jln. Merdeka Barat- Jakarta Indonesia\"},\"note\":\"Segera Dikrim Ya Admin\"}', NULL, NULL),
(14, 11, NULL, 'ASV261020111546', '3', '2020-10-26 08:37:53', '60000.00', 1, 1, '{\"customer\":{\"name\":\"Pembeli4\",\"phone_number\":\"0870000000\",\"address\":\"Jln.Merdeka Barat - Jakarta\"},\"note\":\"Tolong Dikirim Sesuai Pesanan ya Ka..\"}', NULL, NULL);

-- --------------------------------------------------------

--
-- Struktur dari tabel `order_item`
--

CREATE TABLE `order_item` (
  `id` bigint(20) NOT NULL,
  `order_id` bigint(20) DEFAULT NULL,
  `product_id` bigint(20) DEFAULT NULL,
  `order_qty` int(10) NOT NULL,
  `order_price` decimal(8,2) DEFAULT NULL
) ENGINE=InnoDB DEFAULT CHARSET=utf8mb4;

--
-- Dumping data untuk tabel `order_item`
--

INSERT INTO `order_item` (`id`, `order_id`, `product_id`, `order_qty`, `order_price`) VALUES
(3, 4, 2, 1, '31000.00'),
(4, 4, 8, 13, '20000.00'),
(5, 5, 2, 1, '31000.00'),
(6, 5, 13, 12, '20000.00'),
(7, 6, 9, 10, '35000.00'),
(8, 7, 10, 1, '12000.00'),
(9, 7, 9, 1, '35000.00'),
(10, 7, 2, 1, '31000.00'),
(11, 8, 9, 1, '35000.00'),
(12, 8, 1, 5, '65000.00'),
(14, 12, 2, 1, '13000.00'),
(15, 13, 5, 3, '10000.00'),
(16, 14, 1, 3, '20000.00');

-- --------------------------------------------------------

--
-- Struktur dari tabel `payments`
--

CREATE TABLE `payments` (
  `id` bigint(20) NOT NULL,
  `order_id` bigint(20) DEFAULT NULL,
  `payment_price` decimal(8,2) DEFAULT NULL,
  `payment_date` datetime NOT NULL,
  `picture_name` varchar(191) DEFAULT NULL,
  `payment_status` enum('1','2','3') DEFAULT '1',
  `confirmed_date` datetime DEFAULT NULL,
  `payment_data` text DEFAULT NULL
) ENGINE=InnoDB DEFAULT CHARSET=utf8mb4;

--
-- Dumping data untuk tabel `payments`
--

INSERT INTO `payments` (`id`, `order_id`, `payment_price`, `payment_date`, `picture_name`, `payment_status`, `confirmed_date`, `payment_data`) VALUES
(6, 12, '40000.00', '2020-10-26 07:13:04', 'Tak_berjudul31_20201026111339.jpg', '1', NULL, '{\"transfer_to\":\"mandiri\",\"source\":{\"bank\":\"Mandiri\",\"name\":\"Pembeli1\",\"number\":\"0987654321\"}}'),
(7, 13, '30000.00', '2020-10-26 07:16:59', 'Tak_berjudul31_20201026111236.jpg', '1', NULL, '{\"transfer_to\":\"bca\",\"source\":{\"bank\":\"BCA\",\"name\":\"Pembeli2\",\"number\":\"1122334455\"}}'),
(8, 14, '60000.00', '2020-10-26 08:38:26', 'Bukti_Transfer.jpg', '2', NULL, '{\"transfer_to\":\"mandiri\",\"source\":{\"bank\":\"Mandiri\",\"name\":\"Pembeli4\",\"number\":\"123456789\"}}');

-- --------------------------------------------------------

--
-- Struktur dari tabel `products`
--

CREATE TABLE `products` (
  `id` bigint(20) NOT NULL,
  `category_id` int(10) DEFAULT NULL,
  `sku` varchar(32) DEFAULT NULL,
  `name` varchar(191) NOT NULL,
  `description` varchar(191) DEFAULT NULL,
  `picture_name` varchar(191) DEFAULT NULL,
  `price` decimal(8,2) NOT NULL,
  `current_discount` decimal(8,2) DEFAULT 0.00,
  `stock` int(10) NOT NULL,
  `product_unit` varchar(32) DEFAULT NULL,
  `is_available` tinyint(1) DEFAULT 1,
  `add_date` datetime DEFAULT NULL
) ENGINE=InnoDB DEFAULT CHARSET=utf8mb4;

--
-- Dumping data untuk tabel `products`
--

INSERT INTO `products` (`id`, `category_id`, `sku`, `name`, `description`, `picture_name`, `price`, `current_discount`, `stock`, `product_unit`, `is_available`, `add_date`) VALUES
(1, 2, 'SB750372', 'D\'DIVA', NULL, 'd_diva-removebg-preview_(2).png', '70000.00', '50000.00', 100, 'PCS', 1, '2020-03-26 15:02:52'),
(2, 2, 'BS350420', 'COCONUT CHEESE', NULL, 'coconut_cheese_roll-removebg-preview_(1).png', '33000.00', '20000.00', 100, 'PCS', 1, '2020-03-26 15:03:40'),
(4, 2, 'TS120790', 'CHOCO MEYSES', NULL, 'choco_meyses-removebg-preview_(1).png', '60000.00', '35000.00', 100, 'PCS', 1, '2020-03-26 19:36:30'),
(5, 2, 'WS120811', 'CHEESE BOAT', NULL, 'cheese_boat-removebg-preview_(1).png', '35000.00', '25000.00', 20, 'PCS', 1, '2020-03-26 19:36:51'),
(8, 2, 'PS220885', 'C\'S FLOSS', NULL, 'C_s_floss-removebg-preview_(1).png', '20000.00', '15000.00', 50, 'PCS', 1, '2020-03-26 19:38:05'),
(9, 2, 'AB450163', 'FIRE FLOSS', NULL, 'fire_floss-removebg-preview_(1).png', '40000.00', '30000.00', 50, 'PCS', 1, '2020-03-26 19:42:43'),
(15, 2, 'BFD4100008', 'BINOQ FIRE', NULL, 'binoQ_fire-removebg-preview_(1).png', '45000.00', '5000.00', 100, 'PCS', 1, '2023-09-19 09:36:48'),
(16, 2, 'FNRD880296', 'FLOSS N ROLL', NULL, 'floss_n_roll-removebg-preview_(1).png', '80000.00', '25000.00', 80, 'PCS', 1, '2023-09-19 09:41:36'),
(20, 2, 'BLD460000', 'CHOCO LAVA', NULL, 'choco_lava-removebg-preview_(1).png', '45000.00', '15000.00', 60, 'PCS', 1, '2023-09-19 09:53:20'),
(21, 2, 'RBD550133', 'ROCKY BLUEBERRY', NULL, 'rocky_blueberry__1_-removebg-preview1.png', '50000.00', '10000.00', 50, 'PCS', 1, '2023-09-19 09:55:32');

-- --------------------------------------------------------

--
-- Struktur dari tabel `product_category`
--

CREATE TABLE `product_category` (
  `id` int(10) NOT NULL,
  `name` varchar(191) NOT NULL
) ENGINE=InnoDB DEFAULT CHARSET=utf8mb4;

--
-- Dumping data untuk tabel `product_category`
--

INSERT INTO `product_category` (`id`, `name`) VALUES
(2, 'DEESERT');

-- --------------------------------------------------------

--
-- Struktur dari tabel `reviews`
--

CREATE TABLE `reviews` (
  `id` bigint(20) NOT NULL,
  `user_id` bigint(20) UNSIGNED DEFAULT NULL,
  `order_id` bigint(20) DEFAULT NULL,
  `title` varchar(191) DEFAULT NULL,
  `review_text` mediumtext NOT NULL,
  `review_date` datetime NOT NULL,
  `status` tinyint(1) NOT NULL DEFAULT 1
) ENGINE=InnoDB DEFAULT CHARSET=utf8mb4;

--
-- Dumping data untuk tabel `reviews`
--

INSERT INTO `reviews` (`id`, `user_id`, `order_id`, `title`, `review_text`, `review_date`, `status`) VALUES
(2, 7, 6, 'Sangat puas', 'Pengiriman cepat dan sayur segar', '2020-03-30 08:31:31', 1),
(3, 7, 5, 'Buah segar', 'Buah segar dan kualitasnya sangat bagus', '2020-03-30 08:33:10', 1),
(4, 8, 12, 'Toko Buah Segar', 'Sangat Puas Dengan Pelaynan dan Produknya Segar Semua', '2020-10-26 07:13:38', 1),
(5, 10, 13, 'Toko Buah Segar', 'Pesanan Dikrim Tepat Waktu dan Kualitas Segar Segar', '2020-10-26 07:17:35', 1),
(6, 11, 14, 'Toko Buah Segar', 'Sangat Puas Dengan Pelayanan Adminnya', '2020-10-26 08:38:48', 1);

-- --------------------------------------------------------

--
-- Struktur dari tabel `roles`
--

CREATE TABLE `roles` (
  `id` int(10) NOT NULL,
  `role_name` varchar(191) NOT NULL
) ENGINE=InnoDB DEFAULT CHARSET=utf8mb4;

--
-- Dumping data untuk tabel `roles`
--

INSERT INTO `roles` (`id`, `role_name`) VALUES
(1, 'Admin'),
(2, 'Customer');

-- --------------------------------------------------------

--
-- Struktur dari tabel `settings`
--

CREATE TABLE `settings` (
  `id` int(10) NOT NULL,
  `key` varchar(32) NOT NULL,
  `content` varchar(191) NOT NULL
) ENGINE=InnoDB DEFAULT CHARSET=utf8mb4;

--
-- Dumping data untuk tabel `settings`
--

INSERT INTO `settings` (`id`, `key`, `content`) VALUES
(1, 'current_theme_name', 'vegefoods'),
(2, 'store_name', 'MYROTI69'),
(3, 'store_phone_number', '089687897697'),
(4, 'store_email', 'aufamilenioamari@gmail.com'),
(5, 'store_tagline', 'Roti Segar, Senyum Sejuta Rasa'),
(6, 'store_logo', 'Logo.png'),
(7, 'max_product_image_size', '20000'),
(8, 'store_description', 'Inspirasi Rasa Terbaik Dalam Setiap Roti'),
(9, 'store_address', 'Jl. Merdeka Barat Km.01 - Jakarta Indonesia'),
(10, 'min_shop_to_free_shipping_cost', '20000'),
(11, 'shipping_cost', '5000'),
(12, 'payment_banks', '{\"mandiri\":{\"bank\":\"Mandiri\",\"number\":\"1234567890\",\"name\":\"MYROTI69\"},\"bca\":{\"bank\":\"BCA\",\"number\":\"0987654321\",\"name\":\"MYROTI69\"}}');

-- --------------------------------------------------------

--
-- Struktur dari tabel `users`
--

CREATE TABLE `users` (
  `id` bigint(20) UNSIGNED NOT NULL,
  `name` varchar(50) COLLATE utf8mb4_unicode_ci DEFAULT NULL,
  `email` varchar(191) COLLATE utf8mb4_unicode_ci NOT NULL,
  `email_verified_at` timestamp NULL DEFAULT NULL,
  `username` varchar(16) COLLATE utf8mb4_unicode_ci NOT NULL,
  `password` varchar(191) COLLATE utf8mb4_unicode_ci NOT NULL,
  `profile_picture` varchar(128) COLLATE utf8mb4_unicode_ci DEFAULT NULL,
  `role_id` int(10) DEFAULT 0,
  `register_date` datetime DEFAULT NULL
) ENGINE=InnoDB DEFAULT CHARSET=utf8mb4 COLLATE=utf8mb4_unicode_ci;

--
-- Dumping data untuk tabel `users`
--

INSERT INTO `users` (`id`, `name`, `email`, `email_verified_at`, `username`, `password`, `profile_picture`, `role_id`, `register_date`) VALUES
(7, 'Admin MyRoti69', 'adminmyroti69@gmail.com', NULL, 'admin', '$2y$10$8g/ydMjIkk4RDX06gUPQS.RCo/lAQujaz4kFvnq1J.0i.8nK9OYAS', '0919f092a8487492631bc84b592a4b0a_icon-wajah1.png', 1, '2020-03-29 08:14:30'),
(8, NULL, 'pembeli@gmail.com', NULL, 'user1', '$2y$10$chkZ5TH8JoBetrJYsujw9eHTSgnp1iLG492o99duNcoYGIVGYP8Lu', NULL, 2, '2020-10-26 06:58:43'),
(10, NULL, 'pembeli2@gmail.com', NULL, 'user2', '$2y$10$BxWbJrsGG.grhKvrNQ6XvOU5lTPARmLOo58Rwuws1kFlze3r4YR1.', NULL, 2, '2020-10-26 07:15:59'),
(11, NULL, 'pembeli4@gmail.com', NULL, 'user4', '$2y$10$P25c7AP7HzotHYvRCvi8XukFH/wKW/IR0uBbOM9pPBKAif8WrR.Iu', NULL, 2, '2020-10-26 08:37:06'),
(12, NULL, 'aufa.milenio@gmail.com', NULL, 'aufa', '$2y$10$csDRgsJOYyA8ZPWlxNwiluAEi6QJqHauF8bwchniyAsbTRNX/ytbe', NULL, 2, '2023-09-18 09:16:12');

--
-- Indexes for dumped tables
--

--
-- Indeks untuk tabel `ci_sessions`
--
ALTER TABLE `ci_sessions`
  ADD KEY `ci_sessions_timestamp` (`timestamp`);

--
-- Indeks untuk tabel `contacts`
--
ALTER TABLE `contacts`
  ADD PRIMARY KEY (`id`),
  ADD KEY `FK_contacts_contacts` (`parent_id`);

--
-- Indeks untuk tabel `coupons`
--
ALTER TABLE `coupons`
  ADD PRIMARY KEY (`id`);

--
-- Indeks untuk tabel `customers`
--
ALTER TABLE `customers`
  ADD PRIMARY KEY (`id`),
  ADD KEY `FK_customers_users` (`user_id`);

--
-- Indeks untuk tabel `orders`
--
ALTER TABLE `orders`
  ADD PRIMARY KEY (`id`),
  ADD KEY `FK_orders_users` (`user_id`),
  ADD KEY `FK_orders_coupons` (`coupon_id`);

--
-- Indeks untuk tabel `order_item`
--
ALTER TABLE `order_item`
  ADD PRIMARY KEY (`id`),
  ADD KEY `order_id` (`order_id`),
  ADD KEY `product_id` (`product_id`);

--
-- Indeks untuk tabel `payments`
--
ALTER TABLE `payments`
  ADD PRIMARY KEY (`id`),
  ADD KEY `order_id` (`order_id`);

--
-- Indeks untuk tabel `products`
--
ALTER TABLE `products`
  ADD PRIMARY KEY (`id`),
  ADD KEY `FK_products_product_category` (`category_id`);

--
-- Indeks untuk tabel `product_category`
--
ALTER TABLE `product_category`
  ADD PRIMARY KEY (`id`);

--
-- Indeks untuk tabel `reviews`
--
ALTER TABLE `reviews`
  ADD PRIMARY KEY (`id`),
  ADD KEY `FK_reviews_users` (`user_id`),
  ADD KEY `FK_reviews_orders` (`order_id`);

--
-- Indeks untuk tabel `roles`
--
ALTER TABLE `roles`
  ADD PRIMARY KEY (`id`);

--
-- Indeks untuk tabel `settings`
--
ALTER TABLE `settings`
  ADD PRIMARY KEY (`id`) USING BTREE;

--
-- Indeks untuk tabel `users`
--
ALTER TABLE `users`
  ADD PRIMARY KEY (`id`) USING BTREE,
  ADD UNIQUE KEY `users_email_unique` (`email`) USING BTREE,
  ADD KEY `role_id` (`role_id`);

--
-- AUTO_INCREMENT untuk tabel yang dibuang
--

--
-- AUTO_INCREMENT untuk tabel `contacts`
--
ALTER TABLE `contacts`
  MODIFY `id` int(10) NOT NULL AUTO_INCREMENT, AUTO_INCREMENT=3;

--
-- AUTO_INCREMENT untuk tabel `coupons`
--
ALTER TABLE `coupons`
  MODIFY `id` bigint(20) NOT NULL AUTO_INCREMENT, AUTO_INCREMENT=4;

--
-- AUTO_INCREMENT untuk tabel `customers`
--
ALTER TABLE `customers`
  MODIFY `id` bigint(20) NOT NULL AUTO_INCREMENT, AUTO_INCREMENT=11;

--
-- AUTO_INCREMENT untuk tabel `orders`
--
ALTER TABLE `orders`
  MODIFY `id` bigint(20) NOT NULL AUTO_INCREMENT, AUTO_INCREMENT=15;

--
-- AUTO_INCREMENT untuk tabel `order_item`
--
ALTER TABLE `order_item`
  MODIFY `id` bigint(20) NOT NULL AUTO_INCREMENT, AUTO_INCREMENT=17;

--
-- AUTO_INCREMENT untuk tabel `payments`
--
ALTER TABLE `payments`
  MODIFY `id` bigint(20) NOT NULL AUTO_INCREMENT, AUTO_INCREMENT=9;

--
-- AUTO_INCREMENT untuk tabel `products`
--
ALTER TABLE `products`
  MODIFY `id` bigint(20) NOT NULL AUTO_INCREMENT, AUTO_INCREMENT=22;

--
-- AUTO_INCREMENT untuk tabel `product_category`
--
ALTER TABLE `product_category`
  MODIFY `id` int(10) NOT NULL AUTO_INCREMENT, AUTO_INCREMENT=11;

--
-- AUTO_INCREMENT untuk tabel `reviews`
--
ALTER TABLE `reviews`
  MODIFY `id` bigint(20) NOT NULL AUTO_INCREMENT, AUTO_INCREMENT=7;

--
-- AUTO_INCREMENT untuk tabel `roles`
--
ALTER TABLE `roles`
  MODIFY `id` int(10) NOT NULL AUTO_INCREMENT, AUTO_INCREMENT=3;

--
-- AUTO_INCREMENT untuk tabel `settings`
--
ALTER TABLE `settings`
  MODIFY `id` int(10) NOT NULL AUTO_INCREMENT, AUTO_INCREMENT=13;

--
-- AUTO_INCREMENT untuk tabel `users`
--
ALTER TABLE `users`
  MODIFY `id` bigint(20) UNSIGNED NOT NULL AUTO_INCREMENT, AUTO_INCREMENT=13;

--
-- Ketidakleluasaan untuk tabel pelimpahan (Dumped Tables)
--

--
-- Ketidakleluasaan untuk tabel `contacts`
--
ALTER TABLE `contacts`
  ADD CONSTRAINT `FK_contacts_contacts` FOREIGN KEY (`parent_id`) REFERENCES `contacts` (`id`) ON DELETE CASCADE ON UPDATE NO ACTION;

--
-- Ketidakleluasaan untuk tabel `customers`
--
ALTER TABLE `customers`
  ADD CONSTRAINT `FK_customers_users` FOREIGN KEY (`user_id`) REFERENCES `users` (`id`) ON DELETE NO ACTION ON UPDATE CASCADE;

--
-- Ketidakleluasaan untuk tabel `orders`
--
ALTER TABLE `orders`
  ADD CONSTRAINT `FK_orders_coupons` FOREIGN KEY (`coupon_id`) REFERENCES `coupons` (`id`) ON DELETE SET NULL ON UPDATE CASCADE,
  ADD CONSTRAINT `FK_orders_users` FOREIGN KEY (`user_id`) REFERENCES `users` (`id`) ON DELETE NO ACTION ON UPDATE CASCADE;

--
-- Ketidakleluasaan untuk tabel `payments`
--
ALTER TABLE `payments`
  ADD CONSTRAINT `FK_payments_orders` FOREIGN KEY (`order_id`) REFERENCES `orders` (`id`) ON DELETE NO ACTION ON UPDATE NO ACTION;
COMMIT;

/*!40101 SET CHARACTER_SET_CLIENT=@OLD_CHARACTER_SET_CLIENT */;
/*!40101 SET CHARACTER_SET_RESULTS=@OLD_CHARACTER_SET_RESULTS */;
/*!40101 SET COLLATION_CONNECTION=@OLD_COLLATION_CONNECTION */;
